Mois;UIC;Nom gare;Nombre de non-conformités;Nombre d'observations;Taux de conformité
2017-08;87762906;Lyon Saint-Exupéry TGV;30;348;91.37931034
2017-09;87111849;Marne-la-Vallée Chessy;43;664;93.52409639
2017-09;87172007;Charleville-Mézières;20;644;96.89440994
2017-09;87271007;Paris Gare du Nord;134;1283;89.55572876
2017-08;87764001;Montélimar;27;307;91.20521173
2017-09;87318964;Avignon TGV;17;497;96.57947686
2017-09;87191007;Thionville;17;326;94.78527607
2017-08;87747006;Grenoble;26;664;96.08433735
2017-08;87757625;Cannes;158;821;80.75517661
2017-09;87182014;Colmar;14;286;95.1048951
2017-07;87571216;Vendôme - Villiers-sur-Loir;27;423;93.61702128
2017-07;87300863;Besançon Franche-Comté TGV;10;243;95.88477366
2017-07;87313882;TGV Haute Picardie;18;480;96.25
2017-07;87547000;Paris Austerlitz;41;562;92.70462633
2017-07;87575142;Châtellerault;5;272;98.16176471
2017-07;87212027;Strasbourg;20;682;97.06744868
2017-07;87476606;Vannes;40;263;84.79087452
2017-07;87141002;Nancy;38;630;93.96825397
2017-07;87342014;Arras;14;332;95.78313253
2017-07;87474007;Brest;22;334;93.41317365
2017-11;87271494;Aéroport Charles de Gaulle 2 TGV;51;556;90.82733813
2017-10;87751008;Marseille Saint-Charles;78;661;88.19969743
2017-10;87755447;Les Arcs - Draguignan;26;459;94.33551198
2017-11;87286005;Lille Flandres;35;571;93.8704028
2017-11;87113001;Paris Est;39;608;93.58552632
2017-10;87746008;Annecy;13;385;96.62337662
2017-10;87756056;Nice;55;783;92.97573436
2017-11;87741728;Moûtiers - Salins - Brides-les-Bains;6;106;94.33962264
2017-11;87741009;Chambéry - Challes-les-Eaux;53;712;92.55617978
2017-11;87726000;Saint-Étienne Châteaucreux;39;373;89.54423592
2017-11;87581009;Bordeaux Saint-Jean;81;1028;92.12062257
2017-11;87594002;Brive-la-Gaillarde;3;348;99.13793103
2017-11;87411017;Rouen Rive Droite;41;646;93.65325077
2017-11;87597005;Châteauroux;4;251;98.4063745
2017-11;87673400;Biarritz;25;375;93.33333333
2017-11;87671339;Lourdes;1;379;99.73614776
2017-11;87672006;Pau;9;344;97.38372093
2017-12;87741728;Moûtiers - Salins - Brides-les-Bains;9;278;96.76258993
2017-12;87757526;Saint-Raphaël Valescure;76;672;88.69047619
2017-12;87741793;Bourg-Saint-Maurice;15;316;95.25316456
2017-12;87743005;Bourg-en-Bresse;55;477;88.46960168
2017-12;87718007;Besançon Viotte;34;572;94.05594406
2017-12;87722025;Lyon Perrache;10;599;98.33055092
2017-12;87764001;Montélimar;37;364;89.83516484
2017-12;87784009;Perpignan;7;219;96.80365297
2017-12;87671339;Lourdes;0;219;100.0
2017-12;87773200;Sète;27;407;93.36609337
2017-12;87611244;Montauban Ville Bourbon;19;322;94.09937888
2017-11;87751008;Marseille Saint-Charles;63;669;90.58295964
2017-11;87741793;Bourg-Saint-Maurice;6;157;96.17834395
2017-12;87387001;Évreux Normandie;17;215;92.09302326
2017-12;87481705;Saint-Nazaire;12;268;95.52238806
2017-12;87473009;Saint-Brieuc;35;330;89.39393939
2017-12;87318964;Avignon TGV;23;515;95.53398058
2017-12;87584052;Libourne;2;154;98.7012987
2017-12;87543009;Orléans;37;641;94.22776911
2017-12;87476200;Auray;11;212;94.81132075
2017-04;87391003;Paris Montparnasse Hall 1 & 2;71;1295;94.51737452
2017-04;87111849;Marne-la-Vallée Chessy;62;769;91.93758127
2017-04;87319012;Aix-en-Provence TGV;80;692;88.43930636
2017-04;87384008;Paris Saint-Lazare;32;627;94.89633174
2017-04;87481754;La Baule-Escoublac;20;273;92.67399267
2017-04;87484006;Angers Saint-Laud;63;712;91.15168539
2017-04;87547000;Paris Austerlitz;20;569;96.48506151
2017-04;87223263;Lille Europe;27;584;95.37671233
2017-04;87485003;La Rochelle;29;521;94.43378119
2017-04;87476606;Vannes;40;346;88.43930636
2017-06;87391003;Paris Montparnasse Hall 1 & 2;71;1006;92.94234592
2017-06;87300863;Besançon Franche-Comté TGV;13;227;94.27312775
2017-06;87319012;Aix-en-Provence TGV;140;783;82.12005109
2017-06;87313882;TGV Haute Picardie;13;640;97.96875
2017-06;87387001;Évreux Normandie;12;151;92.05298013
2017-06;87223263;Lille Europe;29;580;95.0
2017-06;87318964;Avignon TGV;26;479;94.57202505
2017-06;87396002;Le Mans;74;656;88.7195122
2017-06;87182014;Colmar;11;256;95.703125
2017-06;87345009;Douai;23;584;96.06164384
2017-06;87111849;Marne-la-Vallée Chessy;62;672;90.77380952
2017-05;87751008;Marseille Saint-Charles;79;671;88.22652757
2017-06;87172007;Charleville-Mézières;13;459;97.16775599
2017-05;87755447;Les Arcs - Draguignan;46;460;90.0
2017-06;87142109;Lorraine TGV;39;411;90.51094891
2017-05;87745000;Bellegarde;33;405;91.85185185
2017-05;87757674;Antibes;52;701;92.58202568
2017-05;87755009;Toulon;43;694;93.80403458
2017-05;87773200;Sète;14;396;96.46464646
2017-05;87756056;Nice;72;707;89.81612447
2017-02;87686667;Paris Bercy Bourgogne - Pays d'Auvergne;27;642;95.79439252
2017-02;87319012;Aix-en-Provence TGV;108;692;84.39306358
2017-02;87387001;Évreux Normandie;14;206;93.2038835
2017-02;87575142;Châtellerault;6;270;97.77777778
2017-02;87343004;Valenciennes;31;585;94.7008547
2017-02;87745000;Bellegarde;46;497;90.7444668
2017-02;87584052;Libourne;21;305;93.1147541
2017-02;87481002;Nantes;43;611;92.96235679
2017-02;87342014;Arras;45;747;93.97590361
2017-02;87586008;Agen;28;302;90.72847682
2017-03;87300822;Belfort - Montbéliard TGV;25;336;92.55952381
2017-02;87757526;Saint-Raphaël Valescure;106;712;85.11235955
2017-02;87762906;Lyon Saint-Exupéry TGV;38;478;92.05020921
2017-10;87763029;Valence TGV Rhône-Alpes Sud;71;713;90.04207574
2017-10;87757526;Saint-Raphaël Valescure;77;735;89.52380952
2017-11;87111849;Marne-la-Vallée Chessy;38;642;94.08099688
2017-10;87764001;Montélimar;20;342;94.15204678
2017-10;87757674;Antibes;76;790;90.37974684
2017-10;87757625;Cannes;140;768;81.77083333
2017-10;87775007;Nîmes;18;710;97.46478873
2017-11;87141002;Nancy;47;640;92.65625
2017-10;87773200;Sète;29;358;91.89944134
2017-02;87182063;Mulhouse;11;519;97.8805395
2017-02;87171009;Reims;25;700;96.42857143
2017-02;87141002;Nancy;64;711;90.99859353
2017-08;87694109;Le Creusot - Montceau-les-Mines - Montchanin TGV;17;370;95.40540541
2017-08;87763029;Valence TGV Rhône-Alpes Sud;79;720;89.02777778
2017-08;87726000;Saint-Étienne Châteaucreux;43;540;92.03703704
2017-08;87757526;Saint-Raphaël Valescure;105;758;86.14775726
2017-08;87725705;Mâcon Loché TGV;20;201;90.04975124
2017-08;87734004;Clermont-Ferrand;47;491;90.42769857
2017-08;87722025;Lyon Perrache;18;692;97.39884393
2017-09;87113001;Paris Est;38;598;93.64548495
2017-08;87781104;Narbonne;53;436;87.8440367
2017-09;87141002;Nancy;52;626;91.69329073
2017-09;87686667;Paris Bercy Bourgogne - Pays d'Auvergne;25;654;96.17737003
2017-09;87741728;Moûtiers - Salins - Brides-les-Bains;8;128;93.75
2017-09;87686006;Paris Gare de Lyon Hall 1 & 2;49;1005;95.12437811
2017-09;87611244;Montauban Ville Bourbon;12;319;96.23824451
2017-09;87741793;Bourg-Saint-Maurice;6;153;96.07843137
2017-09;87581009;Bordeaux Saint-Jean;32;649;95.06933744
2017-09;87594002;Brive-la-Gaillarde;3;350;99.14285714
2017-09;87718007;Besançon Viotte;31;656;95.27439024
2017-09;87713040;Dijon;66;801;91.76029963
2017-09;87672006;Pau;7;352;98.01136364
2017-09;87571216;Vendôme - Villiers-sur-Loir;48;421;88.59857482
2017-09;87571240;Saint-Pierre-des-Corps;13;641;97.97191888
2017-09;87481754;La Baule-Escoublac;23;260;91.15384615
2017-09;87281071;Calais - Fréthun;18;730;97.53424658
2017-09;87574004;Blois - Chambord;19;279;93.18996416
2017-09;87343004;Valenciennes;11;509;97.8388998
2017-09;87223263;Lille Europe;22;568;96.12676056
2017-09;87485003;La Rochelle;43;448;90.40178571
2017-09;87471003;Rennes;66;471;85.98726115
2017-09;87474007;Brest;25;337;92.58160237
2017-10;87694109;Le Creusot - Montceau-les-Mines - Montchanin TGV;7;292;97.60273973
2017-10;87571240;Saint-Pierre-des-Corps;10;676;98.52071006
2017-10;87411017;Rouen Rive Droite;121;643;81.18195956
2017-10;87574004;Blois - Chambord;23;279;91.7562724
2017-10;87481705;Saint-Nazaire;30;334;91.01796407
2017-10;87584052;Libourne;4;76;94.73684211
2017-10;87571000;Tours;30;656;95.42682927
2017-10;87474007;Brest;22;333;93.39339339
2017-10;87345025;Lens;33;518;93.62934363
2017-10;87673202;Dax;24;422;94.31279621
2017-08;87571240;Saint-Pierre-des-Corps;14;642;97.81931464
2017-08;87611244;Montauban Ville Bourbon;19;322;94.09937888
2017-08;87411017;Rouen Rive Droite;69;593;88.36424958
2017-08;87575142;Châtellerault;3;270;98.88888889
2017-08;87343004;Valenciennes;9;655;98.6259542
2017-08;87485003;La Rochelle;33;457;92.77899344
2017-08;87318964;Avignon TGV;36;504;92.85714286
2017-08;87584052;Libourne;2;306;99.34640523
2017-08;87673004;Bayonne;96;301;68.10631229
2017-08;87396002;Le Mans;58;694;91.6426513
2017-06;87762906;Lyon Saint-Exupéry TGV;52;542;90.40590406
2017-06;87755447;Les Arcs - Draguignan;39;452;91.37168142
2017-07;87411017;Rouen Rive Droite;44;158;72.15189873
2017-07;87611004;Toulouse Matabiau;26;618;95.79288026
2017-07;87473009;Saint-Brieuc;12;331;96.37462236
2017-07;87192039;Metz Ville;25;623;95.98715891
2017-07;87474338;Morlaix;23;379;93.93139842
2017-07;87118000;Troyes;12;299;95.98662207
2017-07;87478404;Laval;15;311;95.17684887
2017-07;87345025;Lens;28;370;92.43243243
2017-08;87171926;Champagne-Ardenne TGV;39;615;93.65853659
2017-07;87755447;Les Arcs - Draguignan;36;463;92.22462203
2017-08;87271007;Paris Gare du Nord;128;1293;90.10054138
2017-07;87734004;Clermont-Ferrand;48;488;90.16393443
2017-08;87212027;Strasbourg;17;426;96.00938967
2017-07;87781005;Béziers;30;415;92.77108434
2017-07;87673004;Bayonne;40;426;90.61032864
2017-07;87713040;Dijon;50;790;93.67088608
2017-07;87773200;Sète;35;380;90.78947368
2017-07;87673202;Dax;20;332;93.97590361
2017-10;87300822;Belfort - Montbéliard TGV;23;304;92.43421053
2017-10;87171926;Champagne-Ardenne TGV;34;531;93.59698682
2017-10;87271007;Paris Gare du Nord;131;1289;89.83708301
2017-10;87313882;TGV Haute Picardie;8;630;98.73015873
2017-10;87281071;Calais - Fréthun;27;617;95.62398703
2017-10;87147322;Meuse TGV;8;223;96.41255605
2017-10;87313874;Amiens;39;546;92.85714286
2017-10;87345009;Douai;34;591;94.24703892
2017-09;87773200;Sète;23;373;93.83378016
2017-09;87781278;Agde;10;254;96.06299213
2017-10;87741009;Chambéry - Challes-les-Eaux;44;786;94.40203562
2017-12;87300822;Belfort - Montbéliard TGV;21;332;93.6746988
2017-12;87271007;Paris Gare du Nord;131;1280;89.765625
2017-11;87743005;Bourg-en-Bresse;31;400;92.25
2017-11;87722025;Lyon Perrache;14;673;97.91976226
2017-12;87276691;Compiègne;16;277;94.22382671
2017-11;87784009;Perpignan;18;302;94.0397351
2017-12;87113001;Paris Est;43;584;92.6369863
2017-02;87142109;Lorraine TGV;25;328;92.37804878
2017-02;87118000;Troyes;17;310;94.51612903
2017-02;87271494;Aéroport Charles de Gaulle 2 TGV;59;546;89.19413919
2017-02;87391003;Paris Montparnasse Hall 1 & 2;89;1909;95.33787323
2017-02;87271007;Paris Gare du Nord;126;1255;89.96015936
2017-02;87484006;Angers Saint-Laud;54;721;92.51040222
2017-02;87411017;Rouen Rive Droite;41;529;92.24952741
2017-02;87192039;Metz Ville;35;619;94.3457189
2017-02;87276691;Compiègne;8;252;96.82539683
2017-02;87281006;Dunkerque;27;416;93.50961538
2017-02;87474338;Morlaix;39;258;84.88372093
2017-02;87471003;Rennes;21;363;94.21487603
2017-04;87694109;Le Creusot - Montceau-les-Mines - Montchanin TGV;6;276;97.82608696
2017-04;87686006;Paris Gare de Lyon Hall 1 & 2;44;986;95.53752535
2017-04;87773002;Montpellier Saint-Roch;108;846;87.23404255
2017-04;87751008;Marseille Saint-Charles;96;678;85.84070796
2017-04;87734004;Clermont-Ferrand;38;494;92.30769231
2017-04;87745000;Bellegarde;32;411;92.21411192
2017-04;87757674;Antibes;82;691;88.13314038
2017-04;87746008;Annecy;17;364;95.32967033
2017-04;87576009;Vierzon;19;304;93.75
2017-04;87586008;Agen;94;542;82.65682657
2017-03;87686006;Paris Gare de Lyon Hall 1 & 2;40;1005;96.0199005
2017-03;87571216;Vendôme - Villiers-sur-Loir;24;528;95.45454545
2017-03;87384008;Paris Saint-Lazare;30;618;95.14563107
2017-03;87547000;Paris Austerlitz;30;544;94.48529412
2017-03;87574004;Blois - Chambord;27;280;90.35714286
2017-03;87575142;Châtellerault;3;272;98.89705882
2017-03;87393702;Massy TGV;11;547;97.98903108
2017-03;87413013;Le Havre;7;584;98.80136986
2017-03;87474007;Brest;14;339;95.87020649
2017-03;87485300;Niort;18;410;95.6097561
2017-03;87271494;Aéroport Charles de Gaulle 2 TGV;45;530;91.50943396
2017-03;87300863;Besançon Franche-Comté TGV;20;234;91.45299145
2017-03;87111849;Marne-la-Vallée Chessy;76;694;89.04899135
2017-02;87764001;Montélimar;14;276;94.92753623
2017-02;87784009;Perpignan;26;573;95.46247818
2017-02;87781005;Béziers;14;406;96.55172414
2017-02;87755009;Toulon;47;685;93.13868613
2017-02;87746008;Annecy;24;352;93.18181818
2017-03;87182014;Colmar;19;275;93.09090909
2017-03;87345009;Douai;25;591;95.76988156
2017-02;87694109;Le Creusot - Montceau-les-Mines - Montchanin TGV;7;292;97.60273973
2017-02;87741793;Bourg-Saint-Maurice;21;335;93.73134328
2017-02;87486019;La Roche-sur-Yon;7;300;97.66666667
2017-02;87485003;La Rochelle;32;582;94.50171821
2017-02;87575001;Poitiers;19;571;96.67250438
2017-02;87576009;Vierzon;12;287;95.81881533
2017-02;87673004;Bayonne;5;227;97.79735683
2017-02;87671339;Lourdes;2;292;99.31506849
2017-02;87672006;Pau;8;350;97.71428571
2017-02;87673202;Dax;17;348;95.11494253
2017-05;87111849;Marne-la-Vallée Chessy;64;857;92.53208868
2017-05;87172007;Charleville-Mézières;25;828;96.98067633
2017-05;87212027;Strasbourg;51;678;92.47787611
2017-05;87276691;Compiègne;17;379;95.51451187
2017-04;87784009;Perpignan;29;552;94.74637681
2017-05;87281006;Dunkerque;25;444;94.36936937
2017-04;87781104;Narbonne;31;387;91.98966408
2017-05;87182014;Colmar;18;285;93.68421053
2017-05;87342014;Arras;48;830;94.21686747
2017-04;87781278;Agde;24;273;91.20879121
2017-06;87413013;Le Havre;9;492;98.17073171
2017-06;87476606;Vannes;63;261;75.86206897
2017-06;87478404;Laval;19;294;93.53741497
2017-06;87345025;Lens;38;666;94.29429429
2017-05;87694109;Le Creusot - Montceau-les-Mines - Montchanin TGV;8;306;97.38562092
2017-05;87686667;Paris Bercy Bourgogne - Pays d'Auvergne;29;647;95.51777434
2017-05;87762906;Lyon Saint-Exupéry TGV;29;281;89.6797153
2017-05;87581009;Bordeaux Saint-Jean;38;713;94.67040673
2017-05;87611004;Toulouse Matabiau;13;611;97.87234043
2017-05;87718007;Besançon Viotte;31;653;95.25267994
2017-05;87583005;Angoulême;18;337;94.65875371
2017-05;87673400;Biarritz;16;368;95.65217391
2017-05;87746008;Annecy;17;368;95.38043478
2017-05;87713040;Dijon;58;809;92.83065513
2017-05;87763029;Valence TGV Rhône-Alpes Sud;56;708;92.09039548
2017-06;87300822;Belfort - Montbéliard TGV;14;361;96.12188366
2017-05;87773002;Montpellier Saint-Roch;65;672;90.32738095
2017-06;87286005;Lille Flandres;44;634;93.05993691
2017-05;87764001;Montélimar;18;253;92.88537549
2017-06;87212027;Strasbourg;51;691;92.61939219
2017-06;87147322;Meuse TGV;11;285;96.14035088
2017-05;87781005;Béziers;17;423;95.98108747
2017-06;87118000;Troyes;16;264;93.93939394
2017-06;87141002;Nancy;58;654;91.13149847
2017-03;87757526;Saint-Raphaël Valescure;74;712;89.60674157
2017-03;87762906;Lyon Saint-Exupéry TGV;41;490;91.63265306
2017-04;87171926;Champagne-Ardenne TGV;53;625;91.52
2017-03;87745000;Bellegarde;34;362;90.60773481
2017-04;87192039;Metz Ville;35;628;94.42675159
2017-03;87784009;Perpignan;26;596;95.63758389
2017-04;87118000;Troyes;14;300;95.33333333
2017-03;87775007;Nîmes;28;734;96.1852861
2017-04;87141002;Nancy;67;638;89.4984326
2017-03;87756056;Nice;55;557;90.12567325
2017-04;87476002;Lorient Bretagne Sud;32;333;90.39039039
2017-04;87271007;Paris Gare du Nord;146;1271;88.5129819
2017-04;87343004;Valenciennes;31;574;94.59930314
2017-04;87543017;Les Aubrais;18;267;93.25842697
2017-06;87686667;Paris Bercy Bourgogne - Pays d'Auvergne;19;650;97.07692308
2017-06;87581009;Bordeaux Saint-Jean;48;736;93.47826087
2017-06;87734004;Clermont-Ferrand;70;485;85.56701031
2017-06;87743005;Bourg-en-Bresse;46;373;87.66756032
2017-06;87597005;Châteauroux;16;346;95.37572254
2017-06;87781005;Béziers;23;423;94.56264775
2017-06;87673004;Bayonne;16;300;94.66666667
2017-06;87757625;Cannes;122;838;85.44152745
2017-06;87586008;Agen;27;334;91.91616766
2017-06;87673202;Dax;30;335;91.04477612
2017-10;87686006;Paris Gare de Lyon Hall 1 & 2;34;1012;96.64031621
2017-10;87592006;Limoges Bénédictins;15;340;95.58823529
2017-10;87741793;Bourg-Saint-Maurice;6;159;96.22641509
2017-10;87484006;Angers Saint-Laud;66;722;90.85872576
2017-10;87725705;Mâcon Loché TGV;12;264;95.45454545
2017-10;87615286;Carcassonne;9;299;96.98996656
2017-10;87671339;Lourdes;1;320;99.6875
2017-10;87732008;Vichy;11;241;95.43568465
2017-10;87485300;Niort;30;364;91.75824176
2017-07;87741728;Moûtiers - Salins - Brides-les-Bains;5;150;96.66666667
2017-08;87271494;Aéroport Charles de Gaulle 2 TGV;59;522;88.69731801
2017-07;87757526;Saint-Raphaël Valescure;81;760;89.34210526
2017-07;87751008;Marseille Saint-Charles;90;680;86.76470588
2017-08;87286005;Lille Flandres;36;570;93.68421053
2017-08;87113001;Paris Est;37;575;93.56521739
2017-08;87182063;Mulhouse;5;508;99.01574803
2017-08;87171009;Reims;15;799;98.12265332
2017-07;87756056;Nice;117;756;84.52380952
2017-07;87781278;Agde;27;266;89.84962406
2017-08;87741728;Moûtiers - Salins - Brides-les-Bains;18;191;90.57591623
2017-08;87741009;Chambéry - Challes-les-Eaux;33;680;95.14705882
2017-08;87773002;Montpellier Saint-Roch;98;732;86.61202186
2017-08;87751008;Marseille Saint-Charles;119;694;82.85302594
2017-08;87755447;Les Arcs - Draguignan;39;454;91.40969163
2017-08;87741793;Bourg-Saint-Maurice;13;239;94.56066946
2017-09;87142109;Lorraine TGV;18;411;95.62043796
2017-08;87784009;Perpignan;31;501;93.81237525
2017-09;87171009;Reims;13;698;98.13753582
2017-08;87773200;Sète;29;378;92.32804233
2017-09;87741009;Chambéry - Challes-les-Eaux;34;764;95.54973822
2017-10;87111849;Marne-la-Vallée Chessy;43;700;93.85714286
2017-10;87384008;Paris Saint-Lazare;26;581;95.52495697
2017-09;87723197;Lyon Part Dieu;38;702;94.58689459
2017-09;87764001;Montélimar;22;322;93.16770186
2017-10;87318964;Avignon TGV;18;502;96.41434263
2017-10;87276691;Compiègne;14;220;93.63636364
2017-09;87747006;Grenoble;32;648;95.0617284
2017-10;87474098;Quimper;3;224;98.66071429
2017-10;87481002;Nantes;31;511;93.9334638
2017-07;87741009;Chambéry - Challes-les-Eaux;51;728;92.99450549
2017-07;87611244;Montauban Ville Bourbon;14;327;95.71865443
2017-07;87384008;Paris Saint-Lazare;33;617;94.65153971
2017-07;87343004;Valenciennes;2;300;99.33333333
2017-07;87597005;Châteauroux;16;374;95.72192513
2017-07;87543017;Les Aubrais;11;259;95.75289575
2017-07;87583005;Angoulême;44;359;87.74373259
2017-07;87576009;Vierzon;12;322;96.27329193
2017-07;87485300;Niort;47;544;91.36029412
2017-07;87345009;Douai;47;599;92.15358932
2017-08;87391003;Paris Montparnasse Hall 1 & 2;110;1875;94.13333333
2017-08;87571216;Vendôme - Villiers-sur-Loir;21;422;95.02369668
2017-08;87547000;Paris Austerlitz;42;563;92.53996448
2017-08;87473009;Saint-Brieuc;31;318;90.25157233
2017-08;87575001;Poitiers;35;571;93.8704028
2017-08;87474338;Morlaix;23;317;92.7444795
2017-08;87474007;Brest;16;420;96.19047619
2017-08;87345009;Douai;23;580;96.03448276
2017-08;87485300;Niort;30;472;93.6440678
2017-08;87672006;Pau;16;342;95.32163743
2017-07;87300822;Belfort - Montbéliard TGV;12;302;96.02649007
2017-07;87172007;Charleville-Mézières;11;644;98.29192547
2017-07;87271007;Paris Gare du Nord;133;1281;89.61748634
2017-07;87281071;Calais - Fréthun;18;765;97.64705882
2017-07;87142109;Lorraine TGV;31;413;92.49394673
2017-07;87147322;Meuse TGV;7;215;96.74418605
2017-06;87781104;Narbonne;48;447;89.26174497
2017-07;87182014;Colmar;11;321;96.57320872
2017-07;87313874;Amiens;38;554;93.14079422
2017-07;87171009;Reims;17;715;97.62237762
2017-09;87319012;Aix-en-Provence TGV;74;659;88.77086495
2017-09;87411017;Rouen Rive Droite;71;600;88.16666667
2017-09;87486019;La Roche-sur-Yon;6;300;98.0
2017-09;87286005;Lille Flandres;37;603;93.86401327
2017-09;87543017;Les Aubrais;11;199;94.47236181
2017-09;87584052;Libourne;3;232;98.70689655
2017-09;87673400;Biarritz;55;355;84.50704225
2017-09;87576009;Vierzon;16;417;96.16306954
2017-09;87313874;Amiens;53;727;92.70976616
2017-09;87671339;Lourdes;1;320;99.6875
2017-10;87743005;Bourg-en-Bresse;25;392;93.62244898
2017-02;87147322;Meuse TGV;5;214;97.6635514
2017-03;87741728;Moûtiers - Salins - Brides-les-Bains;17;300;94.33333333
2017-03;87741009;Chambéry - Challes-les-Eaux;50;751;93.34221039
2017-03;87751008;Marseille Saint-Charles;82;670;87.76119403
2017-03;87581009;Bordeaux Saint-Jean;34;456;92.54385965
2017-03;87734004;Clermont-Ferrand;65;573;88.65619546
2017-03;87743005;Bourg-en-Bresse;30;391;92.32736573
2017-03;87723197;Lyon Part Dieu;50;743;93.2705249
2017-03;87673004;Bayonne;8;294;97.27891156
2017-03;87755009;Toulon;59;691;91.46164978
2017-02;87171926;Champagne-Ardenne TGV;42;625;93.28
2017-02;87384008;Paris Saint-Lazare;29;607;95.22240527
2017-02;87543017;Les Aubrais;13;265;95.09433962
2017-02;87393702;Massy TGV;12;583;97.94168096
2017-02;87476606;Vannes;42;353;88.101983
2017-02;87763029;Valence TGV Rhône-Alpes Sud;55;726;92.42424242
2017-03;87172007;Charleville-Mézières;14;552;97.46376812
2017-03;87171926;Champagne-Ardenne TGV;45;628;92.8343949
2017-02;87755447;Les Arcs - Draguignan;43;461;90.67245119
2017-03;87313882;TGV Haute Picardie;13;560;97.67857143
2017-03;87281071;Calais - Fréthun;31;761;95.92641261
2017-03;87281006;Dunkerque;29;448;93.52678571
2017-03;87147322;Meuse TGV;6;286;97.9020979
2017-03;87313874;Amiens;53;626;91.53354633
2017-02;87756056;Nice;53;574;90.76655052
2017-06;87473009;Saint-Brieuc;37;320;88.4375
2017-06;87191007;Thionville;14;348;95.97701149
2017-06;87478107;Saint-Malo;37;270;86.2962963
2017-06;87276691;Compiègne;18;315;94.28571429
2017-06;87281006;Dunkerque;22;379;94.19525066
2017-05;87747006;Grenoble;23;669;96.56203288
2017-06;87182063;Mulhouse;7;499;98.59719439
2017-06;87342014;Arras;52;747;93.03882195
2017-06;87171009;Reims;23;802;97.13216958
2017-02;87686006;Paris Gare de Lyon Hall 1 & 2;61;951;93.58569926
2017-02;87741009;Chambéry - Challes-les-Eaux;39;815;95.21472393
2017-02;87726000;Saint-Étienne Châteaucreux;42;556;92.44604317
2017-02;87571240;Saint-Pierre-des-Corps;19;689;97.24238026
2017-02;87547000;Paris Austerlitz;33;558;94.08602151
2017-02;87743005;Bourg-en-Bresse;33;488;93.23770492
2017-02;87574004;Blois - Chambord;23;274;91.60583942
2017-02;87597005;Châteauroux;17;347;95.10086455
2017-02;87615286;Carcassonne;13;426;96.94835681
2017-02;87673400;Biarritz;9;361;97.50692521
2017-05;87571216;Vendôme - Villiers-sur-Loir;28;421;93.34916865
2017-05;87741009;Chambéry - Challes-les-Eaux;31;783;96.04086845
2017-05;87726000;Saint-Étienne Châteaucreux;30;557;94.61400359
2017-05;87571240;Saint-Pierre-des-Corps;11;473;97.6744186
2017-05;87725705;Mâcon Loché TGV;6;274;97.81021898
2017-05;87743005;Bourg-en-Bresse;40;382;89.52879581
2017-05;87615286;Carcassonne;22;434;94.93087558
2017-05;87575001;Poitiers;32;564;94.32624113
2017-05;87673004;Bayonne;23;292;92.12328767
2017-05;87671339;Lourdes;1;320;99.6875
2017-04;87300863;Besançon Franche-Comté TGV;17;235;92.76595745
2017-04;87172007;Charleville-Mézières;23;883;97.39524349
2017-03;87741793;Bourg-Saint-Maurice;19;332;94.27710843
2017-04;87281071;Calais - Fréthun;22;658;96.65653495
2017-04;87212027;Strasbourg;34;678;94.98525074
2017-04;87276691;Compiègne;9;252;96.42857143
2017-04;87147322;Meuse TGV;9;371;97.57412399
2017-03;87747006;Grenoble;17;617;97.24473258
2017-03;87781005;Béziers;13;430;96.97674419
2017-03;87773200;Sète;18;393;95.41984733
2017-04;87741728;Moûtiers - Salins - Brides-les-Bains;27;360;92.5
2017-04;87762906;Lyon Saint-Exupéry TGV;28;380;92.63157895
2017-04;87725705;Mâcon Loché TGV;4;260;98.46153846
2017-04;87718007;Besançon Viotte;24;672;96.42857143
2017-05;87142109;Lorraine TGV;34;409;91.68704156
2017-04;87615286;Carcassonne;17;452;96.23893805
2017-04;87584052;Libourne;17;304;94.40789474
2017-04;87747006;Grenoble;33;653;94.94640123
2017-04;87756056;Nice;48;561;91.44385027
2017-04;87673202;Dax;32;335;90.44776119
2017-05;87171926;Champagne-Ardenne TGV;57;540;89.44444444
2017-05;87319012;Aix-en-Provence TGV;68;675;89.92592593
2017-05;87384008;Paris Saint-Lazare;25;625;96.0
2017-05;87484006;Angers Saint-Laud;68;630;89.20634921
2017-05;87485003;La Rochelle;29;503;94.23459245
2017-05;87191007;Thionville;15;330;95.45454545
2017-05;87192039;Metz Ville;46;616;92.53246753
2017-05;87543009;Orléans;71;673;89.45022288
2017-05;87476606;Vannes;68;353;80.73654391
2017-05;87171009;Reims;16;711;97.74964838
2017-04;87571240;Saint-Pierre-des-Corps;18;626;97.12460064
2017-04;87581009;Bordeaux Saint-Jean;44;626;92.97124601
2017-04;87481705;Saint-Nazaire;19;356;94.66292135
2017-04;87473009;Saint-Brieuc;12;286;95.8041958
2017-04;87393702;Massy TGV;11;565;98.05309735
2017-04;87396002;Le Mans;56;669;91.62929746
2017-04;87471003;Rennes;25;441;94.33106576
2017-04;87313874;Amiens;40;600;93.33333333
2017-04;87474007;Brest;6;334;98.20359281
2017-04;87478404;Laval;16;310;94.83870968
2017-03;87571240;Saint-Pierre-des-Corps;23;645;96.43410853
2017-03;87611244;Montauban Ville Bourbon;12;308;96.1038961
2017-03;87411017;Rouen Rive Droite;69;532;87.03007519
2017-03;87481705;Saint-Nazaire;23;356;93.53932584
2017-03;87575001;Poitiers;21;572;96.32867133
2017-03;87481002;Nantes;39;589;93.37860781
2017-03;87571000;Tours;19;587;96.76320273
2017-03;87713040;Dijon;56;804;93.03482587
2017-03;87732008;Vichy;11;349;96.84813754
2017-03;87672006;Pau;10;348;97.12643678
2017-06;87481002;Nantes;38;602;93.68770764
2017-07;87686667;Paris Bercy Bourgogne - Pays d'Auvergne;29;636;95.44025157
2017-07;87686006;Paris Gare de Lyon Hall 1 & 2;37;998;96.29258517
2017-07;87571240;Saint-Pierre-des-Corps;19;615;96.91056911
2017-07;87592006;Limoges Bénédictins;2;99;97.97979798
2017-07;87581009;Bordeaux Saint-Jean;58;833;93.03721489
2017-02;87751008;Marseille Saint-Charles;65;667;90.25487256
2017-03;87191007;Thionville;10;307;96.74267101
2017-02;87781104;Narbonne;18;417;95.68345324
2017-02;87757674;Antibes;54;723;92.53112033
2017-03;87141002;Nancy;58;643;90.97978227
2017-03;87171009;Reims;23;896;97.43303571
2017-02;87773200;Sète;18;322;94.40993789
2017-04;87726000;Saint-Étienne Châteaucreux;24;552;95.65217391
2017-04;87741793;Bourg-Saint-Maurice;17;333;94.89489489
2017-04;87743005;Bourg-en-Bresse;36;470;92.34042553
2017-04;87723197;Lyon Part Dieu;54;737;92.67299864
2017-04;87575142;Châtellerault;6;270;97.77777778
2017-04;87722025;Lyon Perrache;15;535;97.19626168
2017-04;87764001;Montélimar;16;187;91.44385027
2017-05;87118000;Troyes;16;292;94.52054795
2017-04;87671339;Lourdes;2;320;99.375
2017-04;87571000;Tours;17;582;97.0790378
2017-03;87763029;Valence TGV Rhône-Alpes Sud;59;713;91.72510519
2017-03;87726000;Saint-Étienne Châteaucreux;24;468;94.87179487
2017-03;87611004;Toulouse Matabiau;13;582;97.76632302
2017-03;87725705;Mâcon Loché TGV;12;254;95.27559055
2017-03;87597005;Châteauroux;16;362;95.5801105
2017-03;87543017;Les Aubrais;13;300;95.66666667
2017-03;87673400;Biarritz;12;364;96.7032967
2017-03;87576207;Bourges;24;376;93.61702128
2017-03;87671339;Lourdes;2;365;99.45205479
2017-03;87746008;Annecy;16;356;95.50561798
2017-03;87319012;Aix-en-Provence TGV;58;674;91.39465875
2017-03;87481754;La Baule-Escoublac;16;279;94.26523297
2017-03;87387001;Évreux Normandie;16;254;93.7007874
2017-03;87486019;La Roche-sur-Yon;5;300;98.33333333
2017-03;87543009;Orléans;55;578;90.48442907
2017-03;87476606;Vannes;90;606;85.14851485
2017-03;87471003;Rennes;21;404;94.8019802
2017-03;87342014;Arras;63;830;92.40963855
2017-03;87476200;Auray;25;290;91.37931034
2017-03;87345025;Lens;60;814;92.62899263
2017-05;87611244;Montauban Ville Bourbon;16;322;95.0310559
2017-05;87281071;Calais - Fréthun;24;615;96.09756098
2017-05;87722025;Lyon Perrache;22;562;96.08540925
2017-05;87597005;Châteauroux;18;433;95.84295612
2017-05;87543017;Les Aubrais;13;267;95.13108614
2017-05;87474098;Quimper;7;197;96.44670051
2017-05;87313874;Amiens;39;634;93.84858044
2017-05;87481002;Nantes;42;605;93.05785124
2017-05;87141002;Nancy;62;646;90.40247678
2017-05;87345025;Lens;38;518;92.66409266
2017-06;87474338;Morlaix;18;268;93.28358209
2017-06;87611244;Montauban Ville Bourbon;12;318;96.22641509
2017-06;87484006;Angers Saint-Laud;76;710;89.29577465
2017-06;87547000;Paris Austerlitz;33;546;93.95604396
2017-06;87615286;Carcassonne;20;430;95.34883721
2017-06;87584052;Libourne;12;306;96.07843137
2017-06;87543009;Orléans;59;657;91.01978691
2017-06;87576009;Vierzon;20;330;93.93939394
2017-06;87671339;Lourdes;2;320;99.375
2017-02;87111849;Marne-la-Vallée Chessy;59;684;91.37426901
2017-02;87172007;Charleville-Mézières;8;460;98.26086957
2017-02;87191007;Thionville;13;326;96.01226994
2017-02;87318964;Avignon TGV;14;479;97.07724426
2017-02;87113001;Paris Est;41;566;92.75618375
2017-02;87313874;Amiens;38;560;93.21428571
2017-02;87182014;Colmar;15;277;94.58483755
2017-10;87391003;Paris Montparnasse Hall 1 & 2;118;1868;93.68308351
2017-10;87172007;Charleville-Mézières;16;644;97.51552795
2017-10;87319012;Aix-en-Provence TGV;78;651;88.01843318
2017-10;87387001;Évreux Normandie;21;296;92.90540541
2017-10;87343004;Valenciennes;24;558;95.69892473
2017-10;87191007;Thionville;12;331;96.37462236
2017-10;87212027;Strasbourg;53;677;92.17134417
2017-10;87192039;Metz Ville;34;604;94.37086093
2017-10;87471003;Rennes;44;449;90.20044543
2017-10;87342014;Arras;47;659;92.86798179
2017-07;87694109;Le Creusot - Montceau-les-Mines - Montchanin TGV;12;292;95.89041096
2017-07;87773002;Montpellier Saint-Roch;79;717;88.9818689
2017-07;87741793;Bourg-Saint-Maurice;5;167;97.00598802
2017-07;87615286;Carcassonne;18;434;95.85253456
2017-07;87747006;Grenoble;28;669;95.81464873
2017-07;87757674;Antibes;115;883;86.97621744
2017-07;87746008;Annecy;25;372;93.27956989
2017-07;87755009;Toulon;73;695;89.49640288
2017-08;87141002;Nancy;54;644;91.61490683
2017-07;87732008;Vichy;9;317;97.16088328
2017-06;87726000;Saint-Étienne Châteaucreux;37;453;91.83222958
2017-06;87757526;Saint-Raphaël Valescure;79;758;89.57783641
2017-06;87741793;Bourg-Saint-Maurice;6;166;96.38554217
2017-06;87723197;Lyon Part Dieu;50;743;93.2705249
2017-06;87722025;Lyon Perrache;27;687;96.069869
2017-06;87745000;Bellegarde;40;506;92.09486166
2017-07;87113001;Paris Est;33;520;93.65384615
2017-06;87757674;Antibes;98;778;87.40359897
2017-06;87773200;Sète;22;389;94.34447301
2017-06;87672006;Pau;12;321;96.26168224
2017-09;87762906;Lyon Saint-Exupéry TGV;37;383;90.33942559
2017-09;87751008;Marseille Saint-Charles;59;676;91.27218935
2017-09;87722025;Lyon Perrache;16;665;97.59398496
2017-09;87745000;Bellegarde;34;506;93.28063241
2017-10;87113001;Paris Est;40;599;93.32220367
2017-09;87781104;Narbonne;36;452;92.03539823
2017-09;87757625;Cannes;102;749;86.38184246
2017-12;87345009;Douai;36;513;92.98245614
2017-11;87781278;Agde;35;265;86.79245283
2017-11;87673202;Dax;17;346;95.0867052
2017-12;87686667;Paris Bercy Bourgogne - Pays d'Auvergne;25;637;96.07535322
2017-12;87763029;Valence TGV Rhône-Alpes Sud;81;723;88.7966805
2017-12;87726000;Saint-Étienne Châteaucreux;38;375;89.86666667
2017-12;87773002;Montpellier Saint-Roch;83;756;89.02116402
2017-12;87615286;Carcassonne;7;217;96.77419355
2017-12;87745000;Bellegarde;8;298;97.31543624
2017-12;87746008;Annecy;29;389;92.54498715
2017-12;87775007;Nîmes;22;753;97.07835325
2017-12;87781278;Agde;18;265;93.20754717
2017-11;87171926;Champagne-Ardenne TGV;54;543;90.05524862
2017-11;87271007;Paris Gare du Nord;131;1300;89.92307692
2017-11;87281071;Calais - Fréthun;31;631;95.08716323
2017-11;87343004;Valenciennes;13;545;97.6146789
2017-11;87223263;Lille Europe;28;641;95.63182527
2017-11;87473009;Saint-Brieuc;24;340;92.94117647
2017-11;87318964;Avignon TGV;21;517;95.93810445
2017-11;87182014;Colmar;12;293;95.90443686
2017-11;87313874;Amiens;37;605;93.88429752
2017-11;87471003;Rennes;31;459;93.24618736
2017-11;87611004;Toulouse Matabiau;12;644;98.13664596
2017-11;87547000;Paris Austerlitz;36;567;93.65079365
2017-11;87574004;Blois - Chambord;15;209;92.82296651
2017-11;87575142;Châtellerault;5;227;97.79735683
2017-11;87543009;Orléans;33;657;94.97716895
2017-11;87576207;Bourges;10;362;97.23756906
2017-11;87474338;Morlaix;23;336;93.1547619
2017-11;87576009;Vierzon;9;479;98.12108559
2017-11;87476606;Vannes;41;359;88.57938719
2017-11;87586008;Agen;12;309;96.11650485
2017-12;87594002;Brive-la-Gaillarde;0;346;100.0
2017-12;87543017;Les Aubrais;13;188;93.08510638
2017-12;87583005;Angoulême;42;486;91.35802469
2017-12;87413013;Le Havre;10;449;97.77282851
2017-12;87474338;Morlaix;27;322;91.61490683
2017-12;87576207;Bourges;8;271;97.04797048
2017-12;87474098;Quimper;1;70;98.57142857
2017-12;87471003;Rennes;61;472;87.07627119
2017-12;87476606;Vannes;19;262;92.7480916
2017-12;87474007;Brest;18;340;94.70588235
2017-03;87694109;Le Creusot - Montceau-les-Mines - Montchanin TGV;8;300;97.33333333
2017-03;87686667;Paris Bercy Bourgogne - Pays d'Auvergne;22;643;96.5785381
2017-03;87718007;Besançon Viotte;26;585;95.55555556
2017-03;87615286;Carcassonne;15;434;96.5437788
2017-03;87584052;Libourne;24;306;92.15686275
2017-03;87474338;Morlaix;21;245;91.42857143
2017-03;87576009;Vierzon;13;319;95.92476489
2017-03;87474098;Quimper;5;408;98.7745098
2017-03;87478404;Laval;14;317;95.58359621
2017-03;87673202;Dax;18;343;94.75218659
2017-02;87300863;Besançon Franche-Comté TGV;16;225;92.88888889
2017-02;87300822;Belfort - Montbéliard TGV;11;200;94.5
2017-02;87476002;Lorient Bretagne Sud;26;336;92.26190476
2017-02;87313882;TGV Haute Picardie;12;559;97.85330948
2017-02;87281071;Calais - Fréthun;28;685;95.91240876
2017-02;87286005;Lille Flandres;36;540;93.33333333
2017-02;87473009;Saint-Brieuc;24;343;93.00291545
2017-02;87413013;Le Havre;13;647;97.99072643
2017-02;87474007;Brest;13;335;96.11940299
2017-02;87476200;Auray;20;279;92.83154122
2017-05;87757526;Saint-Raphaël Valescure;104;749;86.11481976
2017-06;87171926;Champagne-Ardenne TGV;67;537;87.52327747
2017-05;87741793;Bourg-Saint-Maurice;9;168;94.64285714
2017-05;87734004;Clermont-Ferrand;59;591;90.01692047
2017-06;87343004;Valenciennes;29;575;94.95652174
2017-06;87192039;Metz Ville;33;624;94.71153846
2017-06;87113001;Paris Est;39;558;93.01075269
2017-05;87781104;Narbonne;36;410;91.2195122
2017-06;87313874;Amiens;31;644;95.1863354
2017-05;87781278;Agde;11;277;96.02888087
2017-04;87571216;Vendôme - Villiers-sur-Loir;27;423;93.61702128
2017-04;87611244;Montauban Ville Bourbon;19;325;94.15384615
2017-04;87486019;La Roche-sur-Yon;7;300;97.66666667
2017-04;87574004;Blois - Chambord;16;262;93.89312977
2017-04;87583005;Angoulême;19;485;96.08247423
2017-04;87673400;Biarritz;12;363;96.69421488
2017-04;87575001;Poitiers;28;563;95.02664298
2017-04;87543009;Orléans;67;659;89.83308042
2017-04;87713040;Dijon;52;786;93.38422392
2017-04;87672006;Pau;11;348;96.83908046
2017-04;87300822;Belfort - Montbéliard TGV;24;317;92.42902208
2017-03;87773002;Montpellier Saint-Roch;57;738;92.27642276
2017-04;87411017;Rouen Rive Droite;46;511;90.99804305
2017-03;87722025;Lyon Perrache;17;569;97.01230228
2017-03;87764001;Montélimar;23;251;90.83665339
2017-04;87318964;Avignon TGV;21;609;96.55172414
2017-04;87182014;Colmar;13;283;95.40636042
2017-04;87345009;Douai;62;650;90.46153846
2017-04;87476200;Auray;23;279;91.7562724
2017-04;87345025;Lens;27;444;93.91891892
2017-05;87391003;Paris Montparnasse Hall 1 & 2;115;1665;93.09309309
2017-05;87547000;Paris Austerlitz;34;571;94.04553415
2017-05;87723197;Lyon Part Dieu;44;747;94.10977242
2017-05;87575142;Châtellerault;3;203;98.52216749
2017-05;87481705;Saint-Nazaire;22;355;93.8028169
2017-05;87584052;Libourne;25;262;90.45801527
2017-05;87474338;Morlaix;19;191;90.05235602
2017-05;87732008;Vichy;9;348;97.4137931
2017-04;87478107;Saint-Malo;16;360;95.55555556
2017-04;87413013;Le Havre;8;474;98.31223629
2017-04;87474338;Morlaix;24;232;89.65517241
2017-04;87474098;Quimper;10;242;95.8677686
2017-04;87481002;Nantes;37;580;93.62068966
2017-04;87342014;Arras;27;747;96.38554217
2017-05;87481754;La Baule-Escoublac;24;281;91.45907473
2017-05;87411017;Rouen Rive Droite;73;569;87.17047452
2017-05;87486019;La Roche-sur-Yon;6;300;98.0
2017-05;87478107;Saint-Malo;21;442;95.24886878
2017-05;87576009;Vierzon;24;316;92.40506329
2017-05;87576207;Bourges;27;294;90.81632653
2017-05;87474007;Brest;23;331;93.05135952
2017-05;87476200;Auray;21;193;89.11917098
2017-05;87571000;Tours;20;578;96.53979239
2017-05;87478404;Laval;18;307;94.13680782
2017-06;87485003;La Rochelle;32;488;93.44262295
2017-06;87575001;Poitiers;37;550;93.27272727
2017-06;87571000;Tours;27;602;95.51495017
2017-08;87686667;Paris Bercy Bourgogne - Pays d'Auvergne;25;634;96.05678233
2017-08;87686006;Paris Gare de Lyon Hall 1 & 2;39;976;96.00409836
2017-08;87592006;Limoges Bénédictins;37;772;95.20725389
2017-08;87481754;La Baule-Escoublac;21;277;92.41877256
2017-08;87486019;La Roche-sur-Yon;6;300;98.0
2017-08;87743005;Bourg-en-Bresse;21;489;95.70552147
2017-08;87574004;Blois - Chambord;19;271;92.98892989
2017-08;87718007;Besançon Viotte;25;623;95.98715891
2017-08;87543017;Les Aubrais;17;258;93.41085271
2017-08;87713040;Dijon;67;793;91.55107188
2017-09;87391003;Paris Montparnasse Hall 1 & 2;100;1877;94.67234949
2017-09;87300863;Besançon Franche-Comté TGV;11;243;95.47325103
2017-09;87300822;Belfort - Montbéliard TGV;17;297;94.27609428
2017-09;87384008;Paris Saint-Lazare;31;631;95.08716323
2017-09;87313882;TGV Haute Picardie;16;640;97.5
2017-09;87212027;Strasbourg;33;600;94.5
2017-09;87276691;Compiègne;9;220;95.90909091
2017-08;87781005;Béziers;34;403;91.56327543
2017-08;87746008;Annecy;27;368;92.66304348
2017-08;87756056;Nice;158;820;80.73170732
2017-06;87741728;Moûtiers - Salins - Brides-les-Bains;7;150;95.33333333
2017-06;87741009;Chambéry - Challes-les-Eaux;37;743;95.02018843
2017-06;87751008;Marseille Saint-Charles;108;737;85.34599729
2017-06;87773002;Montpellier Saint-Roch;87;691;87.40955137
2017-06;87575142;Châtellerault;11;268;95.89552239
2017-06;87764001;Montélimar;29;234;87.60683761
2017-06;87746008;Annecy;18;364;95.05494505
2017-06;87775007;Nîmes;33;817;95.96083231
2017-06;87713040;Dijon;70;805;91.30434783
2017-06;87732008;Vichy;10;311;96.78456592
2017-08;87111849;Marne-la-Vallée Chessy;60;683;91.21522694
2017-08;87384008;Paris Saint-Lazare;24;595;95.96638655
2017-08;87387001;Évreux Normandie;23;222;89.63963964
2017-08;87313882;TGV Haute Picardie;32;640;95.0
2017-07;87764001;Montélimar;21;240;91.25
2017-08;87192039;Metz Ville;26;624;95.83333333
2017-08;87281006;Dunkerque;23;461;95.01084599
2017-07;87784009;Perpignan;26;572;95.45454545
2017-08;87118000;Troyes;12;388;96.90721649
2017-08;87182014;Colmar;9;312;97.11538462
2017-10;87686667;Paris Bercy Bourgogne - Pays d'Auvergne;25;650;96.15384615
2017-10;87741728;Moûtiers - Salins - Brides-les-Bains;6;106;94.33962264
2017-10;87726000;Saint-Étienne Châteaucreux;23;457;94.96717724
2017-10;87718007;Besançon Viotte;36;734;95.09536785
2017-10;87723197;Lyon Part Dieu;55;813;93.23493235
2017-10;87722025;Lyon Perrache;21;669;96.86098655
2017-09;87694109;Le Creusot - Montceau-les-Mines - Montchanin TGV;6;295;97.96610169
2017-10;87271494;Aéroport Charles de Gaulle 2 TGV;63;561;88.77005348
2017-09;87755447;Les Arcs - Draguignan;23;451;94.90022173
2017-09;87725705;Mâcon Loché TGV;13;270;95.18518519
2017-09;87597005;Châteauroux;11;333;96.6966967
2017-09;87784009;Perpignan;46;601;92.34608985
2017-09;87781005;Béziers;18;405;95.55555556
2017-10;87182014;Colmar;13;267;95.13108614
2017-09;87746008;Annecy;19;360;94.72222222
2017-09;87756056;Nice;97;664;85.39156627
2017-07;87763029;Valence TGV Rhône-Alpes Sud;63;727;91.33425034
2017-07;87594002;Brive-la-Gaillarde;22;132;83.33333333
2017-07;87743005;Bourg-en-Bresse;27;487;94.45585216
2017-07;87723197;Lyon Part Dieu;45;752;94.01595745
2017-07;87722025;Lyon Perrache;25;708;96.46892655
2017-07;87745000;Bellegarde;43;377;88.59416446
2017-07;87673400;Biarritz;23;365;93.69863014
2017-07;87757625;Cannes;183;1015;81.97044335
2017-07;87586008;Agen;34;333;89.78978979
2017-07;87672006;Pau;44;322;86.33540373
2017-10;87571216;Vendôme - Villiers-sur-Loir;48;528;90.90909091
2017-10;87300863;Besançon Franche-Comté TGV;14;226;93.80530973
2017-10;87286005;Lille Flandres;37;626;94.08945687
2017-10;87597005;Châteauroux;8;340;97.64705882
2017-10;87485003;La Rochelle;25;450;94.44444444
2017-10;87393702;Massy TGV;19;567;96.64902998
2017-10;87413013;Le Havre;11;431;97.44779582
2017-10;87543009;Orléans;42;669;93.72197309
2017-10;87396002;Le Mans;58;693;91.63059163
2017-10;87672006;Pau;8;340;97.64705882
2017-07;87271494;Aéroport Charles de Gaulle 2 TGV;59;614;90.39087948
2017-07;87486019;La Roche-sur-Yon;6;300;98.0
2017-07;87485003;La Rochelle;39;477;91.82389937
2017-07;87478107;Saint-Malo;12;85;85.88235294
2017-07;87281006;Dunkerque;44;455;90.32967033
2017-03;87586008;Agen;35;299;88.29431438
2017-04;87271494;Aéroport Charles de Gaulle 2 TGV;62;562;88.96797153
2017-04;87313882;TGV Haute Picardie;20;559;96.42218247
2017-04;87611004;Toulouse Matabiau;17;581;97.07401033
2017-04;87387001;Évreux Normandie;7;144;95.13888889
2017-04;87286005;Lille Flandres;26;426;93.89671362
2017-04;87597005;Châteauroux;18;430;95.81395349
2017-04;87281006;Dunkerque;24;447;94.63087248
2017-04;87576207;Bourges;14;297;95.28619529
2017-04;87673004;Bayonne;15;288;94.79166667
2017-04;87485300;Niort;29;403;92.80397022
2017-03;87391003;Paris Montparnasse Hall 1 & 2;98;1906;94.85834208
2017-03;87476002;Lorient Bretagne Sud;31;343;90.96209913
2017-03;87484006;Angers Saint-Laud;52;714;92.71708683
2017-03;87286005;Lille Flandres;41;515;92.03883495
2017-03;87142109;Lorraine TGV;22;326;93.25153374
2017-03;87485003;La Rochelle;20;519;96.14643545
2017-03;87318964;Avignon TGV;17;506;96.64031621
2017-03;87478107;Saint-Malo;11;355;96.90140845
2017-03;87276691;Compiègne;10;252;96.03174603
2017-03;87182063;Mulhouse;17;503;96.62027833
2017-02;87481754;La Baule-Escoublac;21;273;92.30769231
2017-02;87223263;Lille Europe;31;669;95.36621824
2017-02;87212027;Strasbourg;64;684;90.64327485
2017-02;87474098;Quimper;7;325;97.84615385
2017-02;87396002;Le Mans;68;666;89.78978979
2017-02;87478404;Laval;12;244;95.08196721
2017-02;87571000;Tours;18;570;96.84210526
2017-02;87345009;Douai;24;595;95.96638655
2017-02;87485300;Niort;12;395;96.96202532
2017-02;87345025;Lens;38;517;92.64990329
2017-06;87271494;Aéroport Charles de Gaulle 2 TGV;79;540;85.37037037
2017-06;87384008;Paris Saint-Lazare;33;596;94.46308725
2017-06;87281071;Calais - Fréthun;27;612;95.58823529
2017-06;87393702;Massy TGV;8;506;98.41897233
2017-06;87471003;Rennes;17;366;95.35519126
2017-06;87476200;Auray;5;62;91.93548387
2017-02;87741728;Moûtiers - Salins - Brides-les-Bains;21;300;93.0
2017-02;87571216;Vendôme - Villiers-sur-Loir;3;210;98.57142857
2017-02;87611244;Montauban Ville Bourbon;14;297;95.28619529
2017-02;87581009;Bordeaux Saint-Jean;22;622;96.46302251
2017-02;87734004;Clermont-Ferrand;44;564;92.19858156
2017-02;87718007;Besançon Viotte;37;759;95.12516469
2017-02;87723197;Lyon Part Dieu;51;730;93.01369863
2017-03;87113001;Paris Est;33;580;94.31034483
2017-02;87576207;Bourges;24;292;91.78082192
2017-03;87118000;Troyes;15;326;95.39877301
2017-04;87686667;Paris Bercy Bourgogne - Pays d'Auvergne;22;646;96.59442724
2017-04;87763029;Valence TGV Rhône-Alpes Sud;48;721;93.34257975
2017-04;87757526;Saint-Raphaël Valescure;92;751;87.74966711
2017-04;87755447;Les Arcs - Draguignan;41;437;90.61784897
2017-05;87223263;Lille Europe;39;669;94.17040359
2017-05;87113001;Paris Est;43;598;92.80936455
2017-05;87147322;Meuse TGV;8;290;97.24137931
2017-05;87182063;Mulhouse;11;536;97.94776119
2017-04;87781005;Béziers;18;430;95.81395349
2017-04;87755009;Toulon;62;691;91.02749638
2017-05;87741728;Moûtiers - Salins - Brides-les-Bains;7;150;95.33333333
2017-05;87686006;Paris Gare de Lyon Hall 1 & 2;54;991;94.55095863
2017-05;87476002;Lorient Bretagne Sud;19;166;88.55421687
2017-06;87271007;Paris Gare du Nord;128;1290;90.07751938
2017-05;87574004;Blois - Chambord;19;259;92.66409266
2017-05;87784009;Perpignan;28;547;94.88117002
2017-05;87757625;Cannes;157;827;81.01571947
2017-05;87775007;Nîmes;21;740;97.16216216
2017-05;87485300;Niort;24;408;94.11764706
2017-05;87586008;Agen;92;480;80.83333333
2017-05;87300863;Besançon Franche-Comté TGV;12;238;94.95798319
2017-05;87313882;TGV Haute Picardie;10;479;97.91231733
2017-05;87286005;Lille Flandres;42;564;92.55319149
2017-05;87343004;Valenciennes;32;629;94.91255962
2017-05;87473009;Saint-Brieuc;31;350;91.14285714
2017-05;87318964;Avignon TGV;15;515;97.08737864
2017-05;87393702;Massy TGV;13;585;97.77777778
2017-05;87413013;Le Havre;7;413;98.30508475
2017-05;87396002;Le Mans;71;687;89.66521106
2017-05;87471003;Rennes;16;416;96.15384615
2017-03;87755447;Les Arcs - Draguignan;32;460;93.04347826
2017-04;87142109;Lorraine TGV;16;165;90.3030303
2017-04;87191007;Thionville;14;303;95.37953795
2017-04;87113001;Paris Est;36;529;93.19470699
2017-04;87182063;Mulhouse;19;606;96.86468647
2017-03;87781104;Narbonne;23;370;93.78378378
2017-03;87757625;Cannes;98;996;90.16064257
2017-03;87757674;Antibes;54;800;93.25
2017-04;87171009;Reims;21;799;97.37171464
2017-03;87781278;Agde;19;297;93.6026936
2017-06;87481754;La Baule-Escoublac;22;273;91.94139194
2017-06;87543017;Les Aubrais;16;257;93.77431907
2017-06;87485300;Niort;18;407;95.57739558
2017-12;87271494;Aéroport Charles de Gaulle 2 TGV;60;539;88.86827458
2017-12;87300863;Besançon Franche-Comté TGV;16;221;92.760181
2017-12;87476002;Lorient Bretagne Sud;25;126;80.15873016
2017-12;87484006;Angers Saint-Laud;69;720;90.41666667
2017-12;87411017;Rouen Rive Droite;71;649;89.06009245
2017-12;87574004;Blois - Chambord;20;281;92.88256228
2017-12;87444877;Cherbourg;4;257;98.44357977
2017-12;87571000;Tours;26;586;95.56313993
2017-12;87478404;Laval;25;444;94.36936937
2017-12;87345025;Lens;38;518;92.66409266
2017-07;87574004;Blois - Chambord;30;268;88.80597015
2017-07;87718007;Besançon Viotte;35;651;94.62365591
2017-07;87575001;Poitiers;41;571;92.81961471
2017-07;87576207;Bourges;14;292;95.20547945
2017-07;87671339;Lourdes;6;560;98.92857143
2017-08;87300863;Besançon Franche-Comté TGV;15;296;94.93243243
2017-07;87726000;Saint-Étienne Châteaucreux;48;451;89.35698448
2017-07;87762906;Lyon Saint-Exupéry TGV;43;379;88.65435356
2017-08;87172007;Charleville-Mézières;18;828;97.82608696
2017-07;87725705;Mâcon Loché TGV;17;290;94.13793103
2017-08;87142109;Lorraine TGV;15;325;95.38461538
2017-08;87276691;Compiègne;19;226;91.59292035
2017-08;87147322;Meuse TGV;11;296;96.28378378
2017-07;87781104;Narbonne;50;451;88.9135255
2017-07;87775007;Nîmes;34;729;95.33607682
2017-07;87391003;Paris Montparnasse Hall 1 & 2;106;1814;94.15656009
2017-07;87319012;Aix-en-Provence TGV;87;684;87.28070175
2017-07;87481754;La Baule-Escoublac;23;282;91.84397163
2017-07;87484006;Angers Saint-Laud;94;708;86.72316384
2017-07;87387001;Évreux Normandie;19;222;91.44144144
2017-07;87481705;Saint-Nazaire;16;306;94.77124183
2017-07;87413013;Le Havre;9;478;98.11715481
2017-07;87396002;Le Mans;73;645;88.68217054
2017-07;87481002;Nantes;43;614;92.99674267
2017-07;87476200;Auray;6;71;91.54929577
2017-09;87763029;Valence TGV Rhône-Alpes Sud;58;730;92.05479452
2017-09;87757526;Saint-Raphaël Valescure;65;742;91.23989218
2017-09;87773002;Montpellier Saint-Roch;56;673;91.67904903
2017-10;87223263;Lille Europe;26;652;96.01226994
2017-10;87142109;Lorraine TGV;16;327;95.10703364
2017-10;87473009;Saint-Brieuc;43;349;87.67908309
2017-10;87281006;Dunkerque;28;439;93.62186788
2017-10;87182063;Mulhouse;6;515;98.83495146
2017-09;87757674;Antibes;63;624;89.90384615
2017-10;87171009;Reims;17;697;97.56097561
2017-07;87111849;Marne-la-Vallée Chessy;24;242;90.08264463
2017-07;87171926;Champagne-Ardenne TGV;29;534;94.56928839
2017-07;87286005;Lille Flandres;42;570;92.63157895
2017-07;87223263;Lille Europe;34;646;94.73684211
2017-07;87318964;Avignon TGV;38;493;92.29208925
2017-07;87191007;Thionville;13;339;96.16519174
2017-07;87276691;Compiègne;15;238;93.69747899
2017-06;87784009;Perpignan;32;582;94.50171821
2017-07;87182063;Mulhouse;7;521;98.65642994
2017-06;87781278;Agde;14;272;94.85294118
2017-09;87271494;Aéroport Charles de Gaulle 2 TGV;93;547;82.99817185
2017-09;87387001;Évreux Normandie;28;296;90.54054054
2017-09;87192039;Metz Ville;41;621;93.39774557
2017-09;87281006;Dunkerque;24;449;94.65478842
2017-09;87478107;Saint-Malo;0;90;100.0
2017-09;87182063;Mulhouse;5;526;99.04942966
2017-09;87413013;Le Havre;10;344;97.09302326
2017-09;87481002;Nantes;37;584;93.66438356
2017-09;87342014;Arras;76;809;90.60568603
2017-09;87345009;Douai;26;584;95.54794521
2017-09;87726000;Saint-Étienne Châteaucreux;30;346;91.32947977
2017-09;87484006;Angers Saint-Laud;77;708;89.12429379
2017-09;87611004;Toulouse Matabiau;13;620;97.90322581
2017-09;87734004;Clermont-Ferrand;44;392;88.7755102
2017-09;87743005;Bourg-en-Bresse;30;465;93.5483871
2017-09;87576207;Bourges;12;262;95.41984733
2017-09;87673004;Bayonne;33;282;88.29787234
2017-09;87755009;Toulon;58;701;91.72610556
2017-09;87571000;Tours;28;589;95.24617997
2017-09;87732008;Vichy;9;230;96.08695652
2017-09;87171926;Champagne-Ardenne TGV;52;622;91.63987138
2017-08;87615286;Carcassonne;18;434;95.85253456
2017-08;87745000;Bellegarde;54;499;89.17835671
2017-09;87147322;Meuse TGV;6;218;97.24770642
2017-08;87673400;Biarritz;55;81;32.09876543
2017-08;87757674;Antibes;80;804;90.04975124
2017-08;87755009;Toulon;57;702;91.88034188
2017-09;87118000;Troyes;11;310;96.4516129
2017-08;87775007;Nîmes;43;725;94.06896552
2017-08;87781278;Agde;46;251;81.67330677
2017-08;87581009;Bordeaux Saint-Jean;74;705;89.5035461
2017-08;87611004;Toulouse Matabiau;30;677;95.56868538
2017-08;87597005;Châteauroux;19;467;95.93147752
2017-08;87583005;Angoulême;45;452;90.04424779
2017-08;87393702;Massy TGV;18;250;92.8
2017-08;87576207;Bourges;16;361;95.56786704
2017-08;87476606;Vannes;90;453;80.13245033
2017-08;87481002;Nantes;38;602;93.68770764
2017-08;87471003;Rennes;52;529;90.17013233
2017-08;87586008;Agen;46;328;85.97560976
2017-10;87673400;Biarritz;22;364;93.95604396
2017-11;87686667;Paris Bercy Bourgogne - Pays d'Auvergne;25;641;96.09984399
2017-12;87686006;Paris Gare de Lyon Hall 1 & 2;31;983;96.84638861
2017-11;87571216;Vendôme - Villiers-sur-Loir;37;420;91.19047619
2017-12;87571216;Vendôme - Villiers-sur-Loir;34;411;91.72749392
2017-11;87300863;Besançon Franche-Comté TGV;13;243;94.65020576
2017-11;87300822;Belfort - Montbéliard TGV;16;326;95.09202454
2017-12;87781104;Narbonne;25;378;93.38624339
2017-06;87694109;Le Creusot - Montceau-les-Mines - Montchanin TGV;10;313;96.80511182
2017-06;87686006;Paris Gare de Lyon Hall 1 & 2;41;1005;95.92039801
2017-06;87571216;Vendôme - Villiers-sur-Loir;49;530;90.75471698
2017-06;87763029;Valence TGV Rhône-Alpes Sud;78;720;89.16666667
2017-06;87574004;Blois - Chambord;31;337;90.80118694
2017-06;87718007;Besançon Viotte;20;634;96.84542587
2017-06;87481705;Saint-Nazaire;19;354;94.63276836
2017-10;87118000;Troyes;14;298;95.30201342
2017-09;87775007;Nîmes;22;721;96.94868239
2017-10;87141002;Nancy;54;641;91.57566303
2017-08;87300822;Belfort - Montbéliard TGV;24;381;93.7007874
2017-08;87319012;Aix-en-Provence TGV;97;790;87.72151899
2017-08;87281071;Calais - Fréthun;16;539;97.03153989
2017-08;87223263;Lille Europe;18;496;96.37096774
2017-08;87191007;Thionville;15;328;95.42682927
2017-08;87474098;Quimper;22;142;84.50704225
2017-08;87313874;Amiens;33;556;94.0647482
2017-08;87342014;Arras;52;737;92.94436906
2017-08;87476200;Auray;11;149;92.61744966
2017-08;87345025;Lens;12;222;94.59459459
2017-08;87484006;Angers Saint-Laud;138;900;84.66666667
2017-08;87723197;Lyon Part Dieu;47;690;93.1884058
2017-08;87481705;Saint-Nazaire;17;264;93.56060606
2017-08;87543009;Orléans;60;667;91.00449775
2017-08;87576009;Vierzon;16;319;94.98432602
2017-08;87671339;Lourdes;1;320;99.6875
2017-08;87571000;Tours;44;598;92.64214047
2017-08;87732008;Vichy;9;242;96.28099174
2017-08;87478404;Laval;18;320;94.375
2017-08;87673202;Dax;10;338;97.04142012
2017-09;87592006;Limoges Bénédictins;13;335;96.11940299
2017-09;87473009;Saint-Brieuc;26;415;93.73493976
2017-09;87615286;Carcassonne;15;294;94.89795918
2017-09;87583005;Angoulême;31;324;90.43209877
2017-09;87393702;Massy TGV;32;561;94.29590018
2017-09;87396002;Le Mans;84;671;87.48137109
2017-09;87474098;Quimper;20;294;93.19727891
2017-09;87476200;Auray;8;141;94.32624113
2017-09;87345025;Lens;11;148;92.56756757
2017-09;87673202;Dax;9;334;97.30538922
2017-10;87594002;Brive-la-Gaillarde;7;261;97.31800766
2017-10;87575142;Châtellerault;5;230;97.82608696
2017-10;87583005;Angoulême;38;494;92.30769231
2017-10;87576009;Vierzon;12;325;96.30769231
2017-10;87673004;Bayonne;41;436;90.59633028
2017-10;87474338;Morlaix;22;333;93.39339339
2017-10;87576207;Bourges;8;286;97.2027972
2017-10;87478404;Laval;36;422;91.46919431
2017-10;87713040;Dijon;70;789;91.12801014
2017-10;87586008;Agen;23;320;92.8125
2017-10;87734004;Clermont-Ferrand;34;487;93.01848049
2017-05;87673202;Dax;21;338;93.78698225
2017-05;87672006;Pau;21;353;94.0509915
2017-02;87773002;Montpellier Saint-Roch;56;692;91.90751445
2017-03;87271007;Paris Gare du Nord;136;1261;89.2149088
2017-03;87343004;Valenciennes;15;564;97.34042553
2017-03;87223263;Lille Europe;29;744;96.10215054
2017-03;87473009;Saint-Brieuc;16;295;94.57627119
2017-03;87212027;Strasbourg;41;682;93.98826979
2017-03;87192039;Metz Ville;41;608;93.25657895
2017-03;87396002;Le Mans;44;659;93.323217
2017-02;87775007;Nîmes;38;723;94.74412172
2017-02;87781278;Agde;19;286;93.35664336
2017-02;87611004;Toulouse Matabiau;9;638;98.58934169
2017-02;87725705;Mâcon Loché TGV;0;273;100.0
2017-02;87481705;Saint-Nazaire;13;354;96.32768362
2017-02;87722025;Lyon Perrache;14;545;97.43119266
2017-02;87478107;Saint-Malo;13;355;96.33802817
2017-02;87747006;Grenoble;20;651;96.92780338
2017-02;87543009;Orléans;48;670;92.8358209
2017-02;87757625;Cannes;105;747;85.9437751
2017-02;87713040;Dijon;59;794;92.56926952
2017-02;87732008;Vichy;13;347;96.25360231
2017-06;87411017;Rouen Rive Droite;69;605;88.59504132
2017-06;87474007;Brest;17;334;94.91017964
2017-05;87271494;Aéroport Charles de Gaulle 2 TGV;63;562;88.79003559
2017-04;87741009;Chambéry - Challes-les-Eaux;38;726;94.76584022
2017-05;87300822;Belfort - Montbéliard TGV;23;279;91.7562724
2017-05;87271007;Paris Gare du Nord;135;1318;89.75720789
2017-05;87387001;Évreux Normandie;15;213;92.95774648
2017-04;87757625;Cannes;87;703;87.62446657
2017-04;87775007;Nîmes;27;706;96.17563739
2017-04;87732008;Vichy;15;347;95.67723343
2017-05;87345009;Douai;23;646;96.43962848
2017-04;87773200;Sète;16;382;95.81151832
2017-06;87571240;Saint-Pierre-des-Corps;19;634;97.00315457
2017-06;87611004;Toulouse Matabiau;26;637;95.91836735
2017-06;87486019;La Roche-sur-Yon;5;300;98.33333333
2017-06;87725705;Mâcon Loché TGV;3;329;99.0881459
2017-06;87673400;Biarritz;31;359;91.36490251
2017-06;87747006;Grenoble;23;621;96.2962963
2017-06;87576207;Bourges;13;342;96.19883041
2017-07;87393702;Massy TGV;7;508;98.62204724
2017-07;87584052;Libourne;15;309;95.14563107
2017-07;87543009;Orléans;48;652;92.63803681
2017-07;87471003;Rennes;62;463;86.60907127
2017-07;87571000;Tours;31;595;94.78991597
2017-09;87547000;Paris Austerlitz;45;567;92.06349206
2017-09;87575142;Châtellerault;3;249;98.79518072
2017-09;87481705;Saint-Nazaire;16;264;93.93939394
2017-09;87575001;Poitiers;38;561;93.22638146
2017-09;87543009;Orléans;50;660;92.42424242
2017-09;87474338;Morlaix;29;327;91.13149847
2017-09;87476606;Vannes;68;364;81.31868132
2017-09;87485300;Niort;25;385;93.50649351
2017-09;87478404;Laval;28;352;92.04545455
2017-09;87586008;Agen;62;381;83.72703412
2017-10;87773002;Montpellier Saint-Roch;66;687;90.3930131
2017-10;87747006;Grenoble;29;678;95.72271386
2017-10;87755009;Toulon;73;608;87.99342105
2017-11;87391003;Paris Montparnasse Hall 1 & 2;113;1853;93.9017809
2017-11;87481754;La Baule-Escoublac;15;260;94.23076923
2017-11;87192039;Metz Ville;30;596;94.96644295
2017-11;87543017;Les Aubrais;11;253;95.65217391
2017-11;87281006;Dunkerque;22;418;94.73684211
2017-10;87784009;Perpignan;11;216;94.90740741
2017-11;87393702;Massy TGV;26;566;95.40636042
2017-11;87182063;Mulhouse;4;520;99.23076923
2017-11;87345009;Douai;33;595;94.45378151
2017-11;87345025;Lens;43;518;91.6988417
2017-12;87142109;Lorraine TGV;12;249;95.18072289
2017-11;87764001;Montélimar;31;361;91.41274238
2017-12;87191007;Thionville;9;354;97.45762712
2017-12;87212027;Strasbourg;33;600;94.5
2017-12;87147322;Meuse TGV;14;289;95.15570934
2017-12;87182063;Mulhouse;10;423;97.63593381
2017-11;87781104;Narbonne;28;439;93.62186788
2017-12;87182014;Colmar;10;275;96.36363636
2017-12;87141002;Nancy;48;729;93.41563786
2017-11;87773200;Sète;30;396;92.42424242
2017-12;87611004;Toulouse Matabiau;12;672;98.21428571
2017-12;87725705;Mâcon Loché TGV;2;275;99.27272727
2017-12;87734004;Clermont-Ferrand;36;486;92.59259259
2017-12;87547000;Paris Austerlitz;44;591;92.55499154
2017-12;87396002;Le Mans;55;684;91.95906433
2017-12;87576009;Vierzon;10;327;96.94189602
2017-12;87485300;Niort;11;387;97.15762274
2017-12;87586008;Agen;5;325;98.46153846
2017-11;87694109;Le Creusot - Montceau-les-Mines - Montchanin TGV;8;290;97.24137931
2017-11;87686006;Paris Gare de Lyon Hall 1 & 2;43;987;95.64336373
2017-11;87763029;Valence TGV Rhône-Alpes Sud;85;739;88.49797023
2017-11;87757526;Saint-Raphaël Valescure;66;767;91.39504563
2017-11;87762906;Lyon Saint-Exupéry TGV;33;378;91.26984127
2017-11;87611244;Montauban Ville Bourbon;11;323;96.59442724
2017-11;87592006;Limoges Bénédictins;11;327;96.63608563
2017-11;87583005;Angoulême;27;262;89.69465649
2017-11;87757674;Antibes;80;709;88.71650212
2017-11;87755009;Toulon;47;548;91.42335766
2017-12;87391003;Paris Montparnasse Hall 1 & 2;90;1873;95.19487453
2017-12;87319012;Aix-en-Provence TGV;77;651;88.17204301
2017-12;87384008;Paris Saint-Lazare;28;595;95.29411765
2017-12;87313882;TGV Haute Picardie;11;400;97.25
2017-12;87286005;Lille Flandres;32;644;95.0310559
2017-12;87343004;Valenciennes;14;544;97.42647059
2017-12;87223263;Lille Europe;30;767;96.08865711
2017-12;87281006;Dunkerque;20;343;94.16909621
2017-12;87313874;Amiens;16;310;94.83870968
2017-12;87342014;Arras;54;737;92.67299864
2017-12;87694109;Le Creusot - Montceau-les-Mines - Montchanin TGV;8;302;97.35099338
2017-12;87741009;Chambéry - Challes-les-Eaux;46;743;93.80888291
2017-12;87762906;Lyon Saint-Exupéry TGV;39;384;89.84375
2017-12;87751008;Marseille Saint-Charles;72;671;89.26974665
2017-12;87592006;Limoges Bénédictins;15;346;95.66473988
2017-12;87673400;Biarritz;19;354;94.63276836
2017-12;87755009;Toulon;46;669;93.12406577
2017-12;87713040;Dijon;46;783;94.12515964
2017-12;87732008;Vichy;9;241;96.26556017
2017-12;87673202;Dax;15;339;95.57522124
2017-12;87172007;Charleville-Mézières;20;718;97.21448468
2017-12;87171926;Champagne-Ardenne TGV;30;537;94.41340782
2017-11;87734004;Clermont-Ferrand;31;484;93.59504132
2017-11;87718007;Besançon Viotte;31;653;95.25267994
2017-11;87723197;Lyon Part Dieu;55;770;92.85714286
2017-11;87745000;Bellegarde;23;405;94.32098765
2017-11;87757625;Cannes;173;831;79.18170878
2017-11;87746008;Annecy;16;392;95.91836735
2017-11;87775007;Nîmes;27;732;96.31147541
2017-12;87118000;Troyes;12;307;96.09120521
2017-10;87762906;Lyon Saint-Exupéry TGV;33;369;91.05691057
2017-11;87384008;Paris Saint-Lazare;28;623;95.50561798
2017-11;87142109;Lorraine TGV;24;412;94.17475728
2017-11;87444877;Cherbourg;2;129;98.4496124
2017-11;87444265;Lisieux;6;61;90.16393443
2017-11;87118000;Troyes;10;310;96.77419355
2017-11;87342014;Arras;38;659;94.23368741
2017-11;87171009;Reims;9;496;98.18548387
2017-11;87444000;Caen;29;169;82.84023669
2017-10;87781278;Agde;53;337;84.27299703
2017-11;87571240;Saint-Pierre-des-Corps;11;630;98.25396825
2017-11;87486019;La Roche-sur-Yon;15;300;95.0
2017-11;87615286;Carcassonne;4;294;98.63945578
2017-11;87485003;La Rochelle;44;495;91.11111111
2017-11;87575001;Poitiers;21;560;96.25
2017-11;87673004;Bayonne;35;420;91.66666667
2017-11;87481002;Nantes;31;668;95.35928144
2017-11;87474098;Quimper;0;86;100.0
2017-11;87571000;Tours;33;597;94.47236181
2017-11;87485300;Niort;24;432;94.44444444
2017-06;87583005;Angoulême;32;401;92.01995012
2017-06;87755009;Toulon;59;683;91.36163982
2017-06;87756056;Nice;96;765;87.45098039
2017-12;87571240;Saint-Pierre-des-Corps;14;681;97.94419971
2017-11;87773002;Montpellier Saint-Roch;51;662;92.29607251
2017-12;87581009;Bordeaux Saint-Jean;55;798;93.10776942
2017-12;87481754;La Baule-Escoublac;16;260;93.84615385
2017-12;87486019;La Roche-sur-Yon;12;300;96.0
2017-12;87575142;Châtellerault;3;231;98.7012987
2017-12;87597005;Châteauroux;8;424;98.11320755
2017-12;87485003;La Rochelle;26;483;94.61697723
2017-12;87575001;Poitiers;21;553;96.20253165
2017-12;87481002;Nantes;37;600;93.83333333
2017-10;87611244;Montauban Ville Bourbon;14;311;95.49839228
2017-10;87581009;Bordeaux Saint-Jean;33;791;95.82806574
2017-10;87481754;La Baule-Escoublac;14;260;94.61538462
2017-10;87611004;Toulouse Matabiau;16;615;97.39837398
2017-10;87486019;La Roche-sur-Yon;5;300;98.33333333
2017-10;87547000;Paris Austerlitz;45;599;92.48747913
2017-10;87543017;Les Aubrais;12;244;95.08196721
2017-10;87575001;Poitiers;41;567;92.76895944
2017-10;87476606;Vannes;34;272;87.5
2017-10;87476200;Auray;8;142;94.36619718
2017-11;87172007;Charleville-Mézières;18;552;96.73913043
2017-11;87319012;Aix-en-Provence TGV;100;668;85.02994012
2017-11;87755447;Les Arcs - Draguignan;38;462;91.77489177
2017-12;87281071;Calais - Fréthun;36;870;95.86206897
2017-12;87192039;Metz Ville;34;596;94.29530201
2017-12;87393702;Massy TGV;18;562;96.79715302
2017-11;87747006;Grenoble;32;664;95.18072289
2017-11;87781005;Béziers;25;491;94.90835031
2017-12;87171009;Reims;9;807;98.88475836
2017-11;87756056;Nice;54;703;92.31863442
2017-12;87111849;Marne-la-Vallée Chessy;33;515;93.59223301
2017-12;87755447;Les Arcs - Draguignan;37;469;92.1108742
2017-12;87723197;Lyon Part Dieu;41;715;94.26573427
2017-12;87747006;Grenoble;19;577;96.70710572
2017-12;87781005;Béziers;13;414;96.85990338
2017-12;87673004;Bayonne;25;363;93.11294766
2017-12;87757674;Antibes;66;697;90.53084648
2017-12;87757625;Cannes;140;855;83.62573099
2017-12;87756056;Nice;52;695;92.51798561
2017-12;87672006;Pau;11;355;96.90140845
2017-11;87212027;Strasbourg;47;664;92.92168675
2017-10;87745000;Bellegarde;25;407;93.85749386
2017-11;87191007;Thionville;9;360;97.5
2017-11;87276691;Compiègne;8;275;97.09090909
2017-10;87781104;Narbonne;27;465;94.19354839
2017-11;87147322;Meuse TGV;12;222;94.59459459
2017-11;87413013;Le Havre;8;447;98.21029083
2017-10;87781005;Béziers;41;489;91.61554192
2017-11;87396002;Le Mans;65;674;90.35608309
2017-11;87474007;Brest;14;422;96.68246445
2017-11;87484006;Angers Saint-Laud;50;703;92.88762447
2017-11;87313882;TGV Haute Picardie;8;480;98.33333333
2017-11;87387001;Évreux Normandie;25;296;91.55405405
2017-11;87725705;Mâcon Loché TGV;8;273;97.06959707
2017-11;87481705;Saint-Nazaire;16;268;94.02985075
2017-11;87478107;Saint-Malo;4;84;95.23809524
2017-11;87476200;Auray;18;371;95.14824798
2017-11;87713040;Dijon;52;898;94.20935412
2017-11;87732008;Vichy;11;316;96.51898734
2017-11;87478404;Laval;27;432;93.75
